[
  {
    "x": 167,
    "y": 19,
    "w": 96,
    "h": 10,
    "text": "INDRAPRAS"
  },
  {
    "x": 292,
    "y": 19,
    "w": 46,
    "h": 10,
    "text": "AGAS,"
  },
  {
    "x": 355,
    "y": 19,
    "w": 19,
    "h": 10,
    "text": "IM"
  },
  {
    "x": 218,
    "y": 31,
    "w": 6,
    "h": 5,
    "text": "of"
  },
  {
    "x": 239,
    "y": 27,
    "w": 37,
    "h": 10,
    "text": "on)"
  },
  {
    "x": 267,
    "y": 20,
    "w": 9,
    "h": 25,
    "text": "is"
  },
  {
    "x": 564,
    "y": 25,
    "w": 95,
    "h": 7,
    "text": "1800-102-5109"
  },
  {
    "x": 473,
    "y": 63,
    "w": 21,
    "h": 6,
    "text": "ict"
  },
  {
    "x": 502,
    "y": 63,
    "w": 84,
    "h": 6,
    "text": "emercency"
  },
  {
    "x": 26,
    "y": 87,
    "w": 52,
    "h": 8,
    "text": "BUSINESS"
  },
  {
    "x": 84,
    "y": 87,
    "w": 47,
    "h": 8,
    "text": "PARTNER"
  },
  {
    "x": 137,
    "y": 87,
    "w": 12,
    "h": 8,
    "text": "No,"
  },
  {
    "x": 158,
    "y": 87,
    "w": 65,
    "h": 8,
    "text": "5000041963"
  },
  {
    "x": 413,
    "y": 91,
    "w": 13,
    "h": 7,
    "text": "NO!"
  },
  {
    "x": 538,
    "y": 100,
    "w": 51,
    "h": 9,
    "text": "ae"
  },
  {
    "x": 170,
    "y": 118,
    "w": 44,
    "h": 7,
    "text": "PARWAL"
  },
  {
    "x": 370,
    "y": 120,
    "w": 49,
    "h": 9,
    "text": "INVOICE"
  },
  {
    "x": 425,
    "y": 121,
    "w": 27,
    "h": 8,
    "text": "TYPE:"
  },
  {
    "x": 463,
    "y": 121,
    "w": 51,
    "h": 8,
    "text": "Estimated"
  },
  {
    "x": 564,
    "y": 120,
    "w": 22,
    "h": 8,
    "text": "Date"
  },
  {
    "x": 590,
    "y": 115,
    "w": 6,
    "h": 21,
    "text": ":"
  },
  {
    "x": 600,
    "y": 120,
    "w": 59,
    "h": 8,
    "text": "27.05.2024"
  },
  {
    "x": 370,
    "y": 151,
    "w": 43,
    "h": 8,
    "text": "CREDIT"
  },
  {
    "x": 522,
    "y": 136,
    "w": 20,
    "h": 33,
    "text": "|"
  },
  {
    "x": 562,
    "y": 154,
    "w": 6,
    "h": 9,
    "text": "0"
  },
  {
    "x": 141,
    "y": 166,
    "w": 15,
    "h": 7,
    "text": "121"
  },
  {
    "x": 103,
    "y": 188,
    "w": 29,
    "h": 7,
    "text": "NOIDA"
  },
  {
    "x": 139,
    "y": 188,
    "w": 32,
    "h": 7,
    "text": "201301"
  },
  {
    "x": 369,
    "y": 182,
    "w": 45,
    "h": 9,
    "text": "Amount"
  },
  {
    "x": 419,
    "y": 182,
    "w": 44,
    "h": 12,
    "text": "Payable"
  },
  {
    "x": 563,
    "y": 186,
    "w": 46,
    "h": 9,
    "text": "1478.47"
  },
  {
    "x": 419,
    "y": 212,
    "w": 11,
    "h": 33,
    "text": "we"
  },
  {
    "x": 370,
    "y": 245,
    "w": 79,
    "h": 9,
    "text": "Disconnection"
  },
  {
    "x": 455,
    "y": 245,
    "w": 26,
    "h": 9,
    "text": "Date"
  },
  {
    "x": 381,
    "y": 258,
    "w": 10,
    "h": 7,
    "text": "il"
  },
  {
    "x": 395,
    "y": 259,
    "w": 12,
    "h": 6,
    "text": "not"
  },
  {
    "x": 411,
    "y": 258,
    "w": 16,
    "h": 8,
    "text": "paid"
  },
  {
    "x": 431,
    "y": 258,
    "w": 24,
    "h": 7,
    "text": "within"
  },
  {
    "x": 459,
    "y": 259,
    "w": 15,
    "h": 6,
    "text": "Oue"
  },
  {
    "x": 478,
    "y": 259,
    "w": 20,
    "h": 6,
    "text": "Date)"
  },
  {
    "x": 554,
    "y": 254,
    "w": 79,
    "h": 11,
    "text": "11.06.2024"
  },
  {
    "x": 64,
    "y": 271,
    "w": 49,
    "h": 7,
    "text": "Current"
  },
  {
    "x": 198,
    "y": 254,
    "w": 15,
    "h": 34,
    "text": "fr"
  },
  {
    "x": 218,
    "y": 254,
    "w": 29,
    "h": 34,
    "text": "fe"
  },
  {
    "x": 445,
    "y": 267,
    "w": 15,
    "h": 33,
    "text": "fo"
  },
  {
    "x": 17,
    "y": 281,
    "w": 17,
    "h": 34,
    "text": "fy"
  },
  {
    "x": 396,
    "y": 329,
    "w": 57,
    "h": 14,
    "text": "CHOOSE"
  },
  {
    "x": 459,
    "y": 329,
    "w": 22,
    "h": 14,
    "text": "IGL"
  },
  {
    "x": 487,
    "y": 329,
    "w": 38,
    "h": 14,
    "text": "CNG!"
  },
  {
    "x": 91,
    "y": 367,
    "w": 27,
    "h": 8,
    "text": "Unpaid"
  },
  {
    "x": 122,
    "y": 367,
    "w": 18,
    "h": 6,
    "text": "dues"
  },
  {
    "x": 144,
    "y": 369,
    "w": 9,
    "h": 6,
    "text": "up"
  },
  {
    "x": 160,
    "y": 368,
    "w": 7,
    "h": 5,
    "text": "to"
  },
  {
    "x": 171,
    "y": 369,
    "w": 33,
    "h": 6,
    "text": "previous"
  },
  {
    "x": 209,
    "y": 367,
    "w": 10,
    "h": 6,
    "text": "Bil"
  },
  {
    "x": 92,
    "y": 405,
    "w": 13,
    "h": 6,
    "text": "ao"
  },
  {
    "x": 158,
    "y": 405,
    "w": 42,
    "h": 8,
    "text": "ere"
  },
  {
    "x": 438,
    "y": 407,
    "w": 17,
    "h": 7,
    "text": "cost"
  },
  {
    "x": 461,
    "y": 409,
    "w": 10,
    "h": 5,
    "text": "on"
  },
  {
    "x": 479,
    "y": 398,
    "w": 18,
    "h": 16,
    "text": "ENG"
  },
  {
    "x": 504,
    "y": 409,
    "w": 6,
    "h": 5,
    "text": "is"
  },
  {
    "x": 48,
    "y": 495,
    "w": 29,
    "h": 28,
    "text": "[other"
  },
  {
    "x": 94,
    "y": 521,
    "w": 33,
    "h": 8,
    "text": "Charges"
  },
  {
    "x": 305,
    "y": 556,
    "w": 14,
    "h": 28,
    "text": "This"
  },
  {
    "x": 513,
    "y": 556,
    "w": 5,
    "h": 28,
    "text": "2"
  },
  {
    "x": 524,
    "y": 568,
    "w": 17,
    "h": 7,
    "text": "from"
  },
  {
    "x": 546,
    "y": 569,
    "w": 57,
    "h": 6,
    "text": "20.01.2024"
  },
  {
    "x": 597,
    "y": 556,
    "w": 7,
    "h": 28,
    "text": "to"
  },
  {
    "x": 608,
    "y": 569,
    "w": 45,
    "h": 6,
    "text": "31.03.2024,"
  },
  {
    "x": 50,
    "y": 586,
    "w": 33,
    "h": 28,
    "text": "[TOTAL"
  },
  {
    "x": 89,
    "y": 598,
    "w": 38,
    "h": 6,
    "text": "CHARGES"
  },
  {
    "x": 134,
    "y": 598,
    "w": 25,
    "h": 8,
    "text": "(PART"
  },
  {
    "x": 164,
    "y": 598,
    "w": 8,
    "h": 8,
    "text": "B)"
  },
  {
    "x": 296,
    "y": 585,
    "w": 6,
    "h": 29,
    "text": "|"
  },
  {
    "x": 424,
    "y": 590,
    "w": 7,
    "h": 14,
    "text": "of"
  },
  {
    "x": 432,
    "y": 589,
    "w": 25,
    "h": 15,
    "text": "meter"
  },
  {
    "x": 461,
    "y": 589,
    "w": 9,
    "h": 15,
    "text": "on"
  },
  {
    "x": 394,
    "y": 628,
    "w": 21,
    "h": 6,
    "text": "peor"
  },
  {
    "x": 429,
    "y": 628,
    "w": 12,
    "h": 5,
    "text": "se"
  },
  {
    "x": 443,
    "y": 618,
    "w": 41,
    "h": 17,
    "text": "ing"
  },
  {
    "x": 479,
    "y": 606,
    "w": 25,
    "h": 33,
    "text": "ough"
  },
  {
    "x": 624,
    "y": 606,
    "w": 12,
    "h": 33,
    "text": "ak"
  },
  {
    "x": 639,
    "y": 618,
    "w": 32,
    "h": 6,
    "text": "Comet"
  },
  {
    "x": 72,
    "y": 679,
    "w": 55,
    "h": 6,
    "text": "AMOUNT"
  },
  {
    "x": 54,
    "y": 693,
    "w": 63,
    "h": 6,
    "text": "[current"
  },
  {
    "x": 90,
    "y": 681,
    "w": 12,
    "h": 28,
    "text": "ENE"
  },
  {
    "x": 413,
    "y": 678,
    "w": 7,
    "h": 28,
    "text": "a"
  },
  {
    "x": 459,
    "y": 678,
    "w": 27,
    "h": 28,
    "text": "04.200"
  },
  {
    "x": 97,
    "y": 694,
    "w": 46,
    "h": 28,
    "text": "Consumption"
  },
  {
    "x": 409,
    "y": 706,
    "w": 8,
    "h": 6,
    "text": "Of"
  },
  {
    "x": 484,
    "y": 707,
    "w": 7,
    "h": 5,
    "text": "in"
  },
  {
    "x": 134,
    "y": 721,
    "w": 25,
    "h": 8,
    "text": "(PART"
  },
  {
    "x": 281,
    "y": 721,
    "w": 4,
    "h": 6,
    "text": "D|"
  },
  {
    "x": 475,
    "y": 707,
    "w": 5,
    "h": 28,
    "text": "|"
  },
  {
    "x": 564,
    "y": 706,
    "w": 12,
    "h": 28,
    "text": "var"
  },
  {
    "x": 631,
    "y": 720,
    "w": 16,
    "h": 5,
    "text": "Tor"
  },
  {
    "x": 416,
    "y": 730,
    "w": 19,
    "h": 28,
    "text": "1268"
  },
  {
    "x": 571,
    "y": 743,
    "w": 14,
    "h": 5,
    "text": "Pa"
  },
  {
    "x": 31,
    "y": 770,
    "w": 21,
    "h": 8,
    "text": "Rly"
  },
  {
    "x": 55,
    "y": 771,
    "w": 11,
    "h": 6,
    "text": "nt"
  },
  {
    "x": 76,
    "y": 771,
    "w": 10,
    "h": 6,
    "text": "a"
  },
  {
    "x": 89,
    "y": 772,
    "w": 12,
    "h": 6,
    "text": "you"
  },
  {
    "x": 129,
    "y": 770,
    "w": 18,
    "h": 7,
    "text": "bts"
  },
  {
    "x": 150,
    "y": 770,
    "w": 16,
    "h": 7,
    "text": "ars"
  },
  {
    "x": 321,
    "y": 772,
    "w": 12,
    "h": 6,
    "text": "oar"
  },
  {
    "x": 417,
    "y": 770,
    "w": 17,
    "h": 7,
    "text": "SCM,"
  },
  {
    "x": 105,
    "y": 779,
    "w": 9,
    "h": 6,
    "text": "be"
  },
  {
    "x": 73,
    "y": 797,
    "w": 34,
    "h": 9,
    "text": "er"
  },
  {
    "x": 111,
    "y": 785,
    "w": 10,
    "h": 28,
    "text": "fr"
  },
  {
    "x": 213,
    "y": 798,
    "w": 13,
    "h": 6,
    "text": "Pe"
  },
  {
    "x": 20,
    "y": 795,
    "w": 5,
    "h": 28,
    "text": "5"
  },
  {
    "x": 31,
    "y": 807,
    "w": 17,
    "h": 7,
    "text": "Dear"
  },
  {
    "x": 51,
    "y": 807,
    "w": 51,
    "h": 7,
    "text": "Customers"
  },
  {
    "x": 148,
    "y": 809,
    "w": 12,
    "h": 6,
    "text": "yu"
  },
  {
    "x": 162,
    "y": 795,
    "w": 13,
    "h": 28,
    "text": "that"
  },
  {
    "x": 204,
    "y": 809,
    "w": 3,
    "h": 5,
    "text": "a"
  },
  {
    "x": 232,
    "y": 808,
    "w": 17,
    "h": 6,
    "text": "ave"
  },
  {
    "x": 252,
    "y": 808,
    "w": 17,
    "h": 6,
    "text": "been"
  },
  {
    "x": 344,
    "y": 795,
    "w": 12,
    "h": 28,
    "text": "per"
  },
  {
    "x": 358,
    "y": 795,
    "w": 14,
    "h": 28,
    "text": "sem"
  },
  {
    "x": 82,
    "y": 827,
    "w": 25,
    "h": 7,
    "text": "sage"
  },
  {
    "x": 121,
    "y": 826,
    "w": 9,
    "h": 6,
    "text": "of."
  },
  {
    "x": 183,
    "y": 814,
    "w": 15,
    "h": 28,
    "text": "copy"
  },
  {
    "x": 238,
    "y": 827,
    "w": 10,
    "h": 5,
    "text": "wl"
  },
  {
    "x": 253,
    "y": 826,
    "w": 7,
    "h": 7,
    "text": "be"
  },
  {
    "x": 294,
    "y": 826,
    "w": 9,
    "h": 7,
    "text": "or"
  },
  {
    "x": 306,
    "y": 828,
    "w": 19,
    "h": 6,
    "text": "ovr"
  },
  {
    "x": 393,
    "y": 826,
    "w": 19,
    "h": 8,
    "text": "ing"
  },
  {
    "x": 31,
    "y": 836,
    "w": 16,
    "h": 6,
    "text": "Net"
  },
  {
    "x": 92,
    "y": 824,
    "w": 12,
    "h": 28,
    "text": "you"
  },
  {
    "x": 111,
    "y": 824,
    "w": 11,
    "h": 28,
    "text": "pes"
  },
  {
    "x": 193,
    "y": 836,
    "w": 25,
    "h": 7,
    "text": "pate"
  },
  {
    "x": 223,
    "y": 837,
    "w": 10,
    "h": 5,
    "text": "we"
  },
  {
    "x": 236,
    "y": 836,
    "w": 16,
    "h": 6,
    "text": "hee"
  },
  {
    "x": 284,
    "y": 837,
    "w": 15,
    "h": 6,
    "text": "our"
  },
  {
    "x": 430,
    "y": 836,
    "w": 25,
    "h": 6,
    "text": "vs"
  },
  {
    "x": 31,
    "y": 845,
    "w": 31,
    "h": 14,
    "text": "Bar"
  },
  {
    "x": 101,
    "y": 845,
    "w": 14,
    "h": 14,
    "text": "de"
  },
  {
    "x": 121,
    "y": 841,
    "w": 14,
    "h": 27,
    "text": "ave"
  },
  {
    "x": 199,
    "y": 845,
    "w": 10,
    "h": 6,
    "text": "No"
  },
  {
    "x": 200,
    "y": 840,
    "w": 8,
    "h": 28,
    "text": "No"
  },
  {
    "x": 317,
    "y": 840,
    "w": 10,
    "h": 28,
    "text": "et"
  },
  {
    "x": 333,
    "y": 840,
    "w": 22,
    "h": 28,
    "text": "ave"
  },
  {
    "x": 361,
    "y": 853,
    "w": 12,
    "h": 6,
    "text": "wn"
  },
  {
    "x": 378,
    "y": 853,
    "w": 11,
    "h": 6,
    "text": "GL"
  },
  {
    "x": 441,
    "y": 840,
    "w": 24,
    "h": 28,
    "text": "oplon"
  },
  {
    "x": 471,
    "y": 854,
    "w": 6,
    "h": 5,
    "text": "on"
  },
  {
    "x": 550,
    "y": 840,
    "w": 14,
    "h": 28,
    "text": "your"
  },
  {
    "x": 569,
    "y": 840,
    "w": 15,
    "h": 28,
    "text": "PNG"
  },
  {
    "x": 38,
    "y": 931,
    "w": 24,
    "h": 8,
    "text": "Gam"
  },
  {
    "x": 335,
    "y": 925,
    "w": 6,
    "h": 28,
    "text": "|"
  },
  {
    "x": 358,
    "y": 938,
    "w": 24,
    "h": 6,
    "text": "25000"
  },
  {
    "x": 526,
    "y": 920,
    "w": 51,
    "h": 9,
    "text": "(Authorised"
  },
  {
    "x": 73,
    "y": 951,
    "w": 18,
    "h": 7,
    "text": "your"
  },
  {
    "x": 130,
    "y": 937,
    "w": 7,
    "h": 28,
    "text": "DD"
  },
  {
    "x": 256,
    "y": 950,
    "w": 15,
    "h": 6,
    "text": "GAS"
  },
  {
    "x": 314,
    "y": 937,
    "w": 12,
    "h": 28,
    "text": "ATC"
  },
  {
    "x": 370,
    "y": 950,
    "w": 29,
    "h": 6,
    "text": "Parner"
  },
  {
    "x": 403,
    "y": 950,
    "w": 10,
    "h": 6,
    "text": "NO"
  },
  {
    "x": 216,
    "y": 946,
    "w": 12,
    "h": 28,
    "text": "ary"
  },
  {
    "x": 324,
    "y": 958,
    "w": 17,
    "h": 7,
    "text": "PNG"
  },
  {
    "x": 382,
    "y": 959,
    "w": 7,
    "h": 6,
    "text": "fo"
  },
  {
    "x": 564,
    "y": 959,
    "w": 19,
    "h": 6,
    "text": "ean"
  },
  {
    "x": 643,
    "y": 946,
    "w": 10,
    "h": 28,
    "text": "th"
  }
]